﻿Startup ID,Judge ID,Overall Score,Overall Feedback,Round ID,Round Average,Round Feedback,Question,Score,Skipped
test_startup_1,test_judge_1,8.5,Strong potential in innovation and market opportunity,round_2,9,Strong revenue model and technical implementation.,Revenue model viability,9,False
test_startup_1,test_judge_1,8.5,Strong potential in innovation and market opportunity,round_2,9,Strong revenue model and technical implementation.,Technical implementation viability,8,False
test_startup_1,test_judge_1,8.5,Strong potential in innovation and market opportunity,round_1,8,Good understanding of the market size.,Clear problem identification,9,False
test_startup_1,test_judge_1,8.5,Strong potential in innovation and market opportunity,round_1,8,Good understanding of the market size.,Solution coherence,8,False
test_startup_1,test_judge_1,8.5,Strong potential in innovation and market opportunity,round_1,8,Good understanding of the market size.,Market size assessment,7,False
