﻿Startup ID,Startup Name,Overall Score,Nominated for Next Round,Mentor Interest,Heroes Want to Meet,Rank,AI Analysis,Judge Feedback Summaries
test_startup_1,Test Startup,0.0,1,0,1,1,"Please provide the startup feedback you would like me to analyze, and I will provide a clear, structured analysis in the following format:

STRENGTHS:
1. [First key strength]
2. [Second key strength]

AREAS FOR IMPROVEMENT:
1. [First improvement area]
2. [Second improvement area]

RECOMMENDATIONS:
1. [First specific recommendation]
2. [Second specific recommendation]

I will keep my response professional and actionable, free of markdown formatting or special characters. Please provide the feedback you would like me to analyze.",Judge judge_1: No specific feedback provided.
